ad_id,campaign_id,age,gender,interest1,interest2,interest3,impressions,clicks,spent,total_conversion,approved_conversion,CTR (%),CPC ($)
708746,916,30-34,M,15,17,17,7350.0,1,1.429999948,2.0,1.0,0.013605442176870748,1.429999948
708749,916,30-34,M,16,19,21,17861.0,2,1.820000023,2.0,0.0,0.011197581322434353,0.9100000115
708771,916,30-34,M,20,25,22,693.0,0,0.0,1.0,0.0,0.0,0.0
708815,916,30-34,M,28,32,32,4259.0,1,1.25,1.0,0.0,0.023479690068091103,1.25
708818,916,30-34,M,28,33,32,4133.0,1,1.289999962,1.0,1.0,0.024195499637067505,1.289999962
708820,916,30-34,M,29,30,30,1915.0,0,0.0,1.0,1.0,0.0,0.0
708889,916,30-34,M,15,16,17,15615.0,3,4.769999981,1.0,0.0,0.01921229586935639,1.5899999936666667
708895,916,30-34,M,16,20,18,10951.0,1,1.269999981,1.0,1.0,0.009131586156515388,1.269999981
708953,916,30-34,M,27,31,31,2355.0,1,1.5,1.0,0.0,0.042462845010615716,1.5
708958,916,30-34,M,28,32,31,9502.0,3,3.159999967,1.0,0.0,0.03157230056830141,1.0533333223333334
708979,916,30-34,M,31,37,34,1224.0,0,0.0,1.0,0.0,0.0,0.0
709023,916,30-34,M,7,8,8,735.0,0,0.0,1.0,0.0,0.0,0.0
709038,916,30-34,M,16,20,22,5117.0,0,0.0,1.0,0.0,0.0,0.0
709040,916,30-34,M,16,19,21,5120.0,0,0.0,1.0,0.0,0.0,0.0
709059,916,30-34,M,20,26,23,14669.0,7,10.28000021,1.0,1.0,0.0477196809598473,1.4685714585714287
709105,916,30-34,M,28,30,32,1241.0,0,0.0,1.0,1.0,0.0,0.0
709115,916,30-34,M,30,34,31,2305.0,1,0.569999993,1.0,0.0,0.04338394793926247,0.569999993
709124,916,30-34,M,31,34,33,1024.0,0,0.0,1.0,1.0,0.0,0.0
709179,916,35-39,M,15,16,17,4627.0,1,1.690000057,1.0,0.0,0.02161227577263886,1.690000057
709183,916,35-39,M,16,20,22,21026.0,4,4.630000114,2.0,1.0,0.019024065442785124,1.1575000285
709320,916,35-39,M,15,21,20,1422.0,0,0.0,1.0,1.0,0.0,0.0
709323,916,35-39,M,15,17,19,7132.0,2,2.609999895,1.0,0.0,0.028042624789680313,1.3049999475
709326,916,35-39,M,16,22,22,12190.0,2,3.049999952,1.0,0.0,0.016406890894175553,1.524999976
709327,916,35-39,M,16,22,20,12193.0,2,3.059999943,1.0,1.0,0.01640285409661281,1.5299999715
709328,916,35-39,M,16,19,18,3332.0,0,0.0,1.0,1.0,0.0,0.0
709455,916,35-39,M,7,12,10,559.0,0,0.0,1.0,0.0,0.0,0.0
709544,916,35-39,M,29,33,32,7440.0,2,2.980000019,1.0,1.0,0.026881720430107527,1.4900000095
709614,916,40-44,M,16,19,20,19113.0,4,5.5200001,1.0,0.0,0.020928164076806362,1.380000025
709756,916,40-44,M,16,21,21,10976.0,2,1.690000057,1.0,1.0,0.018221574344023325,0.8450000285
709761,916,40-44,M,16,19,20,2861.0,0,0.0,1.0,0.0,0.0,0.0
709899,916,40-44,M,15,18,20,1398.0,0,0.0,1.0,1.0,0.0,0.0
709901,916,40-44,M,16,18,20,23817.0,7,8.470000148,1.0,1.0,0.02939077129781249,1.2100000211428572
710045,916,45-49,M,16,22,17,47224.0,12,15.82000017,1.0,0.0,0.025410808063696423,1.3183333475
710088,916,45-49,M,24,26,27,2283.0,1,1.470000029,1.0,0.0,0.043802014892685065,1.470000029
710360,916,45-49,M,21,26,24,2182.0,1,1.529999971,1.0,1.0,0.045829514207149404,1.529999971
710477,916,30-34,F,16,19,19,2654.0,0,0.0,1.0,1.0,0.0,0.0
710480,916,30-34,F,16,21,20,57665.0,14,18.06999969,1.0,1.0,0.024278158328275384,1.2907142635714286
710571,916,30-34,F,32,37,38,3091.0,1,1.610000014,1.0,1.0,0.03235198964736331,1.610000014
710617,916,30-34,F,15,19,16,5014.0,1,1.190000057,1.0,0.0,0.01994415636218588,1.190000057
710623,916,30-34,F,16,19,20,38726.0,7,9.220000267,1.0,0.0,0.018075711408356142,1.3171428952857143
710628,916,30-34,F,18,24,22,1473.0,0,0.0,1.0,0.0,0.0,0.0
710682,916,30-34,F,27,33,32,1186.0,0,0.0,1.0,0.0,0.0,0.0
710763,916,30-34,F,15,19,17,5369.0,1,1.50999999,1.0,0.0,0.018625442354255912,1.50999999
710836,916,30-34,F,29,33,31,22221.0,7,9.430000067,1.0,1.0,0.03150173259529274,1.3471428667142857
710867,916,30-34,F,63,64,68,1185.0,0,0.0,1.0,0.0,0.0,0.0
710880,916,30-34,F,65,70,68,13019.0,5,6.960000038,1.0,0.0,0.038405407481373374,1.3920000076
710961,916,35-39,F,25,29,26,2508.0,1,1.220000029,1.0,0.0,0.03987240829346093,1.220000029
710968,916,35-39,F,27,31,29,5864.0,2,2.799999952,1.0,1.0,0.034106412005457026,1.399999976
711217,916,35-39,F,20,26,23,2783.0,1,1.600000024,1.0,0.0,0.035932446999640676,1.600000024
711623,916,40-44,F,15,18,20,3812.0,1,1.129999995,2.0,1.0,0.026232948583420776,1.129999995
711764,916,45-49,F,10,16,11,11199.0,4,5.730000019,1.0,1.0,0.035717474774533436,1.43250000475
711785,916,45-49,F,19,25,23,292.0,0,0.0,1.0,0.0,0.0,0.0
711877,916,45-49,F,63,67,65,17572.0,7,9.379999995,1.0,0.0,0.03983610289096289,1.3399999992857143
712052,916,45-49,F,10,13,11,1448.0,0,0.0,1.0,1.0,0.0,0.0
734209,936,30-34,M,10,16,14,1772.0,0,0.0,1.0,1.0,0.0,0.0
734210,936,30-34,M,10,16,13,13329.0,4,5.629999995,1.0,1.0,0.030009753169780176,1.40749999875
734215,936,30-34,M,15,19,17,13659.0,3,3.840000033,1.0,0.0,0.021963540522732264,1.280000011
734243,936,30-34,M,21,23,24,739.0,0,0.0,1.0,1.0,0.0,0.0
734266,936,30-34,M,25,30,27,605.0,0,0.0,1.0,0.0,0.0,0.0
734272,936,30-34,M,26,32,29,1030.0,0,0.0,1.0,0.0,0.0,0.0
734290,936,30-34,M,29,32,35,5374.0,1,1.039999962,4.0,0.0,0.018608113137327877,1.039999962
734313,936,30-34,M,36,38,38,790.0,0,0.0,1.0,1.0,0.0,0.0
734314,936,30-34,M,36,38,38,962.0,0,0.0,1.0,0.0,0.0,0.0
734352,936,35-39,M,10,11,16,4423.0,1,1.460000038,1.0,1.0,0.022609088853719195,1.460000038
734361,936,35-39,M,16,19,19,12382.0,2,2.839999914,1.0,1.0,0.016152479405588758,1.419999957
734381,936,35-39,M,20,25,24,2938.0,1,1.350000024,1.0,1.0,0.03403675970047651,1.350000024
734399,936,35-39,M,23,24,27,239.0,0,0.0,1.0,0.0,0.0,0.0
734418,936,35-39,M,26,27,28,591.0,0,0.0,1.0,0.0,0.0,0.0
734421,936,35-39,M,27,29,32,10332.0,4,5.75,1.0,0.0,0.03871467286101432,1.4375
734427,936,35-39,M,28,29,31,8259.0,3,3.980000019,1.0,0.0,0.03632401017072285,1.326666673
734433,936,35-39,M,29,35,31,12158.0,3,4.449999928,1.0,0.0,0.024675111037999672,1.4833333093333334
734582,936,40-44,M,29,33,33,7709.0,2,1.320000052,2.0,0.0,0.02594370216629913,0.660000026
734605,936,40-44,M,36,37,41,834.0,0,0.0,1.0,0.0,0.0,0.0
734660,936,45-49,M,18,22,23,1299.0,0,0.0,2.0,0.0,0.0,0.0
734666,936,45-49,M,19,24,20,371.0,0,0.0,1.0,0.0,0.0,0.0
734726,936,45-49,M,29,30,35,10466.0,3,4.090000033,1.0,0.0,0.02866424613032677,1.3633333443333333
734737,936,45-49,M,31,37,33,839.0,0,0.0,1.0,0.0,0.0,0.0
734785,936,30-34,F,10,13,13,5576.0,1,1.529999971,1.0,1.0,0.01793400286944046,1.529999971
734794,936,30-34,F,16,19,17,4010.0,0,0.0,1.0,0.0,0.0,0.0
734796,936,30-34,F,16,22,17,39337.0,7,10.03000009,1.0,1.0,0.017794951318097465,1.4328571557142857
734800,936,30-34,F,18,20,20,1635.0,0,0.0,1.0,0.0,0.0,0.0
734803,936,30-34,F,18,19,21,1631.0,0,0.0,1.0,0.0,0.0,0.0
734852,936,30-34,F,26,30,29,13479.0,3,4.25,1.0,0.0,0.022256843979523704,1.4166666666666667
734854,936,30-34,F,27,33,32,57022.0,13,20.29000032,3.0,3.0,0.02279821823155975,1.5607692553846155
734856,936,30-34,F,27,28,32,5453.0,1,1.389999986,1.0,1.0,0.018338529249954154,1.389999986
734866,936,30-34,F,29,32,31,11803.0,3,4.440000057,1.0,0.0,0.02541726679657714,1.480000019
734881,936,30-34,F,31,32,34,4259.0,1,1.570000052,1.0,1.0,0.023479690068091103,1.570000052
734901,936,30-34,F,64,70,68,1554.0,0,0.0,1.0,0.0,0.0,0.0
734903,936,30-34,F,64,69,67,5323.0,1,1.289999962,1.0,1.0,0.0187863986473793,1.289999962
734925,936,35-39,F,10,11,12,5024.0,1,1.409999967,1.0,1.0,0.019904458598726117,1.409999967
734939,936,35-39,F,16,19,22,104648.0,24,33.33000004,4.0,2.0,0.022934026450577173,1.3887500016666667
734968,936,35-39,F,22,25,27,8504.0,3,3.340000093,1.0,1.0,0.03527751646284102,1.1133333643333334
734999,936,35-39,F,27,32,32,20277.0,6,8.050000072,1.0,0.0,0.029590176061547565,1.3416666786666667
735014,936,35-39,F,29,34,30,12403.0,4,5.210000038,1.0,1.0,0.032250262033379024,1.3025000095
735032,936,35-39,F,32,33,34,498.0,0,0.0,1.0,1.0,0.0,0.0
735033,936,35-39,F,36,40,40,652.0,0,0.0,0.0,0.0,0.0,0.0
735043,936,35-39,F,63,65,69,1357.0,0,0.0,1.0,1.0,0.0,0.0
735048,936,35-39,F,64,65,68,1393.0,0,0.0,1.0,0.0,0.0,0.0
735065,936,40-44,F,7,10,12,648.0,0,0.0,1.0,0.0,0.0,0.0
735109,936,40-44,F,21,26,25,708.0,0,0.0,1.0,1.0,0.0,0.0
735140,936,40-44,F,26,27,31,6907.0,2,2.349999964,1.0,0.0,0.02895613146083683,1.174999982
735143,936,40-44,F,27,28,30,39035.0,13,19.32999957,1.0,0.0,0.03330344562572051,1.4869230438461538
735151,936,40-44,F,28,30,31,926.0,0,0.0,1.0,0.0,0.0,0.0
735184,936,40-44,F,63,66,67,4412.0,1,1.450000048,1.0,0.0,0.022665457842248413,1.450000048
735189,936,40-44,F,64,65,66,9965.0,3,4.050000072,1.0,0.0,0.030105368790767684,1.3500000239999999
735213,936,45-49,F,10,16,11,73634.0,23,32.97999978,1.0,0.0,0.03123557052448597,1.4339130339130435
735220,936,45-49,F,15,17,17,69708.0,20,31.28999949,1.0,0.0,0.02869111149365926,1.5644999745
735242,936,45-49,F,19,25,21,530.0,0,0.0,1.0,0.0,0.0,0.0
735247,936,45-49,F,20,24,25,14257.0,6,8.789999962,1.0,0.0,0.04208459002595216,1.4649999936666667
735289,936,45-49,F,27,30,30,20362.0,5,9.119999886,1.0,1.0,0.02455554464198016,1.8239999772000002
735290,936,45-49,F,27,29,33,12215.0,4,6.26000011,1.0,0.0,0.03274662300450266,1.5650000275
735298,936,45-49,F,29,31,32,85412.0,28,38.63999999,2.0,1.0,0.03278227883669742,1.3799999996428571
736869,936,30-34,M,2,6,8,2338.0,1,0.239999995,1.0,0.0,0.0427715996578272,0.239999995
736890,936,30-34,M,15,16,20,2522.0,0,0.0,1.0,0.0,0.0,0.0
736893,936,30-34,M,16,17,17,3587.0,0,0.0,1.0,0.0,0.0,0.0
736977,936,30-34,M,27,30,28,1273.0,0,0.0,1.0,0.0,0.0,0.0
736988,936,30-34,M,28,29,29,3891.0,1,1.090000033,1.0,0.0,0.02570033410434336,1.090000033
736995,936,30-34,M,29,34,34,1888.0,0,0.0,1.0,0.0,0.0,0.0
736997,936,30-34,M,29,32,33,1895.0,0,0.0,1.0,0.0,0.0,0.0
737097,936,35-39,M,7,10,11,715.0,0,0.0,1.0,0.0,0.0,0.0
737130,936,35-39,M,16,19,18,11199.0,2,2.680000067,1.0,0.0,0.017858737387266718,1.3400000335
737320,936,35-39,M,63,64,66,5676.0,2,3.00999999,1.0,0.0,0.035236081747709654,1.504999995
737375,936,40-44,M,10,11,11,1415.0,0,0.0,1.0,0.0,0.0,0.0
737524,936,40-44,M,30,34,33,2148.0,1,1.580000043,1.0,1.0,0.04655493482309125,1.580000043
737644,936,45-49,M,16,22,17,45401.0,10,14.06000042,1.0,0.0,0.022025946565053633,1.406000042
737657,936,45-49,M,18,23,20,7478.0,2,2.900000095,1.0,1.0,0.02674511901577962,1.4500000475
737658,936,45-49,M,18,19,24,4919.0,1,1.590000033,1.0,0.0,0.020329335230737954,1.590000033
737674,936,45-49,M,20,21,24,533.0,0,0.0,1.0,1.0,0.0,0.0
737766,936,45-49,M,29,33,33,1447.0,0,0.0,1.0,1.0,0.0,0.0
737896,936,30-34,F,16,21,22,17553.0,3,4.590000153,1.0,0.0,0.017091095539224065,1.530000051
737931,936,30-34,F,20,26,24,3343.0,1,0.540000021,1.0,0.0,0.029913251570445706,0.540000021
737961,936,30-34,F,23,29,28,523.0,0,0.0,1.0,0.0,0.0,0.0
737995,936,30-34,F,26,27,31,1873.0,0,0.0,1.0,0.0,0.0,0.0
738006,936,30-34,F,27,29,32,34740.0,7,13.41000009,1.0,1.0,0.020149683362118594,1.9157142985714286
738067,936,30-34,F,32,37,36,658.0,0,0.0,1.0,0.0,0.0,0.0
738098,936,30-34,F,64,70,68,1539.0,0,0.0,1.0,0.0,0.0,0.0
738307,936,35-39,F,31,36,36,3010.0,1,0.860000014,1.0,1.0,0.03322259136212625,0.860000014
738389,936,40-44,F,10,16,12,27081.0,9,10.77000046,1.0,1.0,0.03323363243602526,1.1966667177777779
738408,936,40-44,F,16,22,22,20233.0,4,5.590000153,3.0,0.0,0.019769683190826868,1.39750003825
738413,936,40-44,F,16,17,19,147159.0,36,58.16000044,3.0,1.0,0.024463335575805763,1.6155555677777778
738423,936,40-44,F,18,20,24,21664.0,7,10.61999977,1.0,1.0,0.03231166912850812,1.5171428242857143
738436,936,40-44,F,19,21,20,9112.0,4,5.460000038,1.0,1.0,0.043898156277436345,1.3650000095
738463,936,40-44,F,21,23,24,542.0,0,0.0,1.0,0.0,0.0,0.0
738528,936,40-44,F,30,34,33,402.0,0,0.0,1.0,1.0,0.0,0.0
738560,936,40-44,F,64,70,66,1338.0,0,0.0,1.0,0.0,0.0,0.0
738582,936,45-49,F,10,16,12,46150.0,15,20.17999983,1.0,1.0,0.03250270855904659,1.3453333219999999
738592,936,45-49,F,16,22,20,493821.0,116,176.3799977,4.0,1.0,0.02349029304140569,1.520517221551724
738593,936,45-49,F,16,17,21,92011.0,27,34.39000046,2.0,1.0,0.029344317527252174,1.273703720740741
738598,936,45-49,F,18,23,24,12956.0,4,5.49000001,1.0,1.0,0.030873726458783574,1.3725000025
738606,936,45-49,F,19,20,23,529.0,0,0.0,1.0,0.0,0.0,0.0
738637,936,45-49,F,24,26,30,944.0,1,1.419999957,1.0,0.0,0.1059322033898305,1.419999957
738648,936,45-49,F,26,30,27,111090.0,38,51.97000027,5.0,1.0,0.03420649923485462,1.3676315860526316
747212,936,30-34,M,10,16,14,7208.0,2,3.190000057,1.0,0.0,0.02774694783573807,1.5950000285
747213,936,30-34,M,10,12,11,1746.0,0,0.0,1.0,0.0,0.0,0.0
747220,936,30-34,M,15,17,16,2474.0,0,0.0,2.0,2.0,0.0,0.0
747222,936,30-34,M,16,22,20,12489.0,2,1.960000038,1.0,0.0,0.016014092401313153,0.980000019
747223,936,30-34,M,16,18,18,8032.0,1,0.600000024,2.0,0.0,0.01245019920318725,0.600000024
747248,936,30-34,M,21,24,24,472.0,0,0.0,1.0,1.0,0.0,0.0
747332,936,30-34,M,64,68,65,792.0,0,0.0,1.0,1.0,0.0,0.0
747362,936,35-39,M,15,16,18,4607.0,1,1.149999976,1.0,1.0,0.021706099413935316,1.149999976
747369,936,35-39,M,16,17,21,13355.0,2,3.180000067,1.0,1.0,0.014975664545114188,1.5900000335
747370,936,35-39,M,16,17,19,2936.0,0,0.0,1.0,0.0,0.0,0.0
747401,936,35-39,M,22,25,25,2793.0,1,0.980000019,1.0,1.0,0.03580379520229145,0.980000019
747435,936,35-39,M,28,29,30,1032.0,0,0.0,1.0,0.0,0.0,0.0
747439,936,35-39,M,29,35,33,1662.0,0,0.0,1.0,1.0,0.0,0.0
747489,936,40-44,M,2,7,6,4016.0,2,1.480000049,1.0,1.0,0.049800796812749,0.7400000245
747514,936,40-44,M,16,20,17,14843.0,3,2.939999938,1.0,1.0,0.02021154753082261,0.9799999793333334
747645,936,45-49,M,10,14,13,9674.0,3,4.600000024,1.0,1.0,0.03101095720487906,1.5333333413333332
747659,936,45-49,M,16,21,17,12186.0,2,2.669999957,1.0,0.0,0.016412276382734285,1.3349999785
747675,936,45-49,M,20,22,21,673.0,0,0.0,1.0,0.0,0.0,0.0
747678,936,45-49,M,21,27,23,370.0,0,0.0,1.0,1.0,0.0,0.0
747712,936,45-49,M,26,30,29,450.0,0,0.0,1.0,1.0,0.0,0.0
747790,936,30-34,F,10,12,14,2077.0,0,0.0,1.0,1.0,0.0,0.0
747791,936,30-34,F,10,14,13,31393.0,8,10.96000051,1.0,1.0,0.025483388016436785,1.37000006375
747795,936,30-34,F,15,21,18,8410.0,2,2.359999895,1.0,1.0,0.023781212841854936,1.1799999475
747798,936,30-34,F,16,21,20,25884.0,5,7.350000143,1.0,0.0,0.019316952557564517,1.4700000286
747824,936,30-34,F,21,24,23,608.0,0,0.0,1.0,1.0,0.0,0.0
747828,936,30-34,F,22,24,24,28488.0,10,9.340000033,1.0,0.0,0.035102499297950014,0.9340000033000001
747852,936,30-34,F,26,32,32,10126.0,3,4.619999886,1.0,0.0,0.02962670353545329,1.5399999619999998
747859,936,30-34,F,27,32,33,22572.0,5,8.5,1.0,0.0,0.022151337940811627,1.7
747863,936,30-34,F,27,30,33,1955.0,0,0.0,1.0,1.0,0.0,0.0
747879,936,30-34,F,30,36,31,493.0,0,0.0,1.0,0.0,0.0,0.0
747903,936,30-34,F,63,69,69,1491.0,0,0.0,1.0,1.0,0.0,0.0
747911,936,30-34,F,64,66,66,1495.0,0,0.0,1.0,1.0,0.0,0.0
747968,936,35-39,F,21,27,24,512.0,0,0.0,0.0,0.0,0.0,0.0
747991,936,35-39,F,25,31,27,4868.0,2,2.420000076,1.0,0.0,0.041084634346754315,1.210000038
748000,936,35-39,F,26,27,32,6585.0,2,2.950000048,1.0,0.0,0.030372057706909643,1.475000024
748007,936,35-39,F,27,29,28,10164.0,2,3.720000029,1.0,1.0,0.01967729240456513,1.8600000145
748014,936,35-39,F,29,31,35,11182.0,4,4.449999809,1.0,0.0,0.03577177606868181,1.11249995225
748045,936,35-39,F,63,69,64,1238.0,0,0.0,1.0,0.0,0.0,0.0
748086,936,40-44,F,16,19,18,34127.0,8,13.07000017,1.0,0.0,0.023441849561930433,1.63375002125
748087,936,40-44,F,16,22,19,29466.0,7,10.84999967,2.0,0.0,0.02375619357904025,1.5499999528571429
748089,936,40-44,F,16,18,21,38759.0,9,10.84999967,1.0,0.0,0.023220413323357156,1.205555518888889
748091,936,40-44,F,16,17,19,41720.0,10,12.06000006,1.0,1.0,0.023969319271332692,1.206000006
748225,936,45-49,F,15,16,17,18602.0,5,8.860000134,1.0,0.0,0.026878830233308247,1.7720000268
748230,936,45-49,F,16,17,20,83929.0,21,27.72999954,4.0,1.0,0.025021148828176194,1.3204761685714286
748231,936,45-49,F,16,18,21,25194.0,6,7.349999905,1.0,0.0,0.023815194093831864,1.2249999841666666
748233,936,45-49,F,16,22,18,78627.0,19,26.53000045,1.0,0.0,0.0241647271293576,1.3963158131578948
748235,936,45-49,F,16,18,19,102695.0,25,39.42999983,3.0,0.0,0.024343931057987246,1.5771999932
748294,936,45-49,F,27,32,31,82827.0,24,47.93000031,3.0,0.0,0.028976058531638236,1.99708334625
748295,936,45-49,F,27,31,32,9240.0,3,6.039999962,1.0,0.0,0.032467532467532464,2.0133333206666664
748303,936,45-49,F,29,32,33,7706.0,2,2.369999886,1.0,0.0,0.02595380223202699,1.184999943
748314,936,45-49,F,31,34,32,7821.0,4,6.340000153,1.0,1.0,0.0511443549418233,1.58500003825
748341,936,45-49,F,64,67,68,1363.0,0,0.0,1.0,1.0,0.0,0.0
776318,936,45-49,F,15,16,19,3569.0,0,0.0,1.0,1.0,0.0,0.0
776322,936,45-49,F,16,21,20,119063.0,34,53.21999949,1.0,0.0,0.02855631052468021,1.5652941026470588
776323,936,45-49,F,16,17,18,99078.0,23,35.79999948,2.0,0.0,0.023214033387835845,1.556521716521739
776325,936,45-49,F,16,19,20,452398.0,114,180.2200012,1.0,0.0,0.025199050393679902,1.5808772035087721
776334,936,45-49,F,10,12,16,191223.0,48,76.41000056,1.0,0.0,0.025101582968575953,1.5918750116666667
776336,936,45-49,F,10,15,14,22216.0,6,9.549999952,1.0,0.0,0.02700756211739287,1.5916666586666668
776338,936,45-49,F,10,12,11,48291.0,11,18.01999998,1.0,0.0,0.022778571576484233,1.6381818163636366
776353,936,40-44,F,63,66,67,27559.0,8,13.37,1.0,0.0,0.0290286294858304,1.67125
776373,936,45-49,F,25,27,27,10194.0,4,4.590000033,2.0,1.0,0.039238767902687856,1.14750000825
776383,936,45-49,F,23,27,29,1168.0,0,0.0,1.0,1.0,0.0,0.0
776405,936,45-49,F,21,25,22,40126.0,16,25.86000001,1.0,0.0,0.03987439565369087,1.616250000625
776416,936,45-49,F,19,22,20,3659.0,1,0.49000001,1.0,1.0,0.027329871549603715,0.49000001
776430,936,30-34,M,10,14,16,3200.0,0,0.0,1.0,0.0,0.0,0.0
776464,936,45-49,F,29,30,31,7550.0,1,1.679999948,1.0,1.0,0.013245033112582781,1.679999948
776469,936,45-49,F,28,33,29,45397.0,15,25.41999936,1.0,1.0,0.03304183095799282,1.694666624
776473,936,30-34,M,16,22,22,23086.0,2,3.310000062,1.0,1.0,0.008663259118080222,1.655000031
776475,936,30-34,M,16,21,20,16425.0,1,1.549999952,1.0,0.0,0.0060882800608828,1.549999952
776476,936,30-34,M,16,17,18,43756.0,5,5.439999938,0.0,0.0,0.011427004296553616,1.0879999876
776477,936,30-34,M,16,22,17,9982.0,0,0.0,1.0,0.0,0.0,0.0
776489,936,45-49,F,26,31,28,175389.0,55,81.60999787,1.0,0.0,0.031358865151178236,1.4838181430909092
776494,936,30-34,M,15,16,16,7015.0,0,0.0,1.0,0.0,0.0,0.0
776515,936,45-49,F,65,68,68,12706.0,3,4.98999989,1.0,1.0,0.023610892491736188,1.6633332966666667
776519,936,45-49,F,65,71,67,70702.0,20,31.7099998,1.0,0.0,0.028287742920992336,1.58549999
776533,936,45-49,F,63,64,68,63927.0,16,25.52000046,2.0,0.0,0.025028548187776684,1.59500002875
776534,936,45-49,F,63,69,67,15105.0,3,4.25999999,1.0,0.0,0.019860973187686197,1.4199999966666665
776538,936,30-34,F,15,16,19,8774.0,1,1.830000043,1.0,0.0,0.011397310234784592,1.830000043
776551,936,30-34,F,16,18,22,14459.0,1,1.389999986,1.0,0.0,0.006916107614634484,1.389999986
776552,936,30-34,F,16,17,18,21596.0,2,2.809999943,1.0,0.0,0.009260974254491572,1.4049999715
776553,936,30-34,F,16,21,17,66765.0,8,11.04999971,1.0,0.0,0.011982326069048154,1.38124996375
776563,936,30-34,F,7,9,13,1369.0,0,0.0,1.0,1.0,0.0,0.0
776579,936,30-34,F,10,13,14,26910.0,5,7.229999781,1.0,0.0,0.01858045336306206,1.4459999562
776603,936,30-34,F,2,3,6,506.0,0,0.0,1.0,0.0,0.0,0.0
776615,936,45-49,M,63,66,68,11988.0,3,4.269999862,1.0,0.0,0.025025025025025023,1.4233332873333333
776623,936,45-49,M,64,69,65,19353.0,6,9.4799999,1.0,1.0,0.031002945279801578,1.5799999833333331
776631,936,40-44,M,29,35,33,10960.0,2,2.890000105,1.0,0.0,0.01824817518248175,1.4450000525
776643,936,30-34,M,15,18,18,33491.0,6,10.56999969,2.0,1.0,0.017915260816338718,1.761666615
776644,936,30-34,M,15,21,20,20083.0,2,3.200000048,2.0,1.0,0.009958671513220135,1.600000024
776659,936,30-34,M,16,19,22,8817.0,0,0.0,1.0,1.0,0.0,0.0
776661,936,30-34,M,16,18,22,15466.0,1,0.970000029,1.0,0.0,0.006465795939480151,0.970000029
776662,936,30-34,M,16,18,22,27072.0,3,4.370000005,1.0,0.0,0.011081560283687944,1.4566666683333331
776663,936,30-34,M,16,19,22,15753.0,1,0.569999993,1.0,1.0,0.006347997206881229,0.569999993
776668,936,40-44,M,19,21,24,3523.0,1,1.809999943,1.0,1.0,0.02838489923360772,1.809999943
776685,936,40-44,M,16,22,17,7745.0,0,0.0,1.0,0.0,0.0,0.0
776686,936,40-44,M,16,17,21,18709.0,2,3.319999933,1.0,0.0,0.010690042225666791,1.6599999665
776687,936,40-44,M,16,20,20,8022.0,0,0.0,2.0,1.0,0.0,0.0
776696,936,30-34,M,10,11,12,7966.0,1,1.179999948,1.0,1.0,0.012553351744915892,1.179999948
776697,936,30-34,M,10,14,13,4132.0,0,0.0,1.0,1.0,0.0,0.0
776698,936,30-34,M,10,14,16,12785.0,3,4.730000019,2.0,1.0,0.023464998044583497,1.576666673
776699,936,30-34,M,10,16,16,8213.0,1,1.379999995,1.0,1.0,0.0121758188238159,1.379999995
776722,936,30-34,M,2,4,7,545.0,0,0.0,1.0,1.0,0.0,0.0
776725,936,40-44,M,23,26,27,2479.0,1,1.25999999,1.0,0.0,0.04033884630899556,1.25999999
776780,936,40-44,M,2,4,3,3812.0,2,3.049999952,1.0,0.0,0.05246589716684155,1.524999976
776793,936,45-49,M,21,23,26,1609.0,0,0.0,1.0,0.0,0.0,0.0
776799,936,45-49,M,20,22,26,10257.0,3,3.579999924,1.0,1.0,0.029248318221702253,1.193333308
776817,936,40-44,M,10,14,16,12356.0,4,6.279999971,1.0,0.0,0.03237293622531564,1.56999999275
776825,936,45-49,M,18,23,20,7410.0,1,1.210000038,1.0,0.0,0.013495276653171389,1.210000038
776829,936,45-49,M,16,20,19,140098.0,28,46.63000011,1.0,0.0,0.0199860097931448,1.6653571467857142
776831,936,45-49,M,16,18,20,107021.0,20,34.44000012,1.0,0.0,0.018687921062221433,1.722000006
776840,936,35-39,M,36,38,40,2797.0,1,1.289999962,1.0,0.0,0.03575259206292456,1.289999962
776861,936,45-49,M,7,9,12,16461.0,6,9.21999979,1.0,0.0,0.03644979041370512,1.5366666316666666
776892,936,40-44,M,63,66,69,17488.0,5,7.719999909,1.0,0.0,0.028591033851784083,1.5439999818
776928,936,35-39,M,10,11,15,9750.0,2,1.5,1.0,1.0,0.020512820512820513,0.75
776935,936,45-49,M,36,41,38,1136.0,0,0.0,1.0,1.0,0.0,0.0
777105,936,45-49,M,63,67,67,4333.0,1,0.180000007,1.0,1.0,0.02307869836141242,0.180000007
777130,936,35-39,M,16,21,22,6260.0,0,0.0,1.0,0.0,0.0,0.0
777131,936,35-39,M,16,19,21,6359.0,0,0.0,1.0,0.0,0.0,0.0
777166,936,30-34,M,63,69,65,2383.0,0,0.0,1.0,1.0,0.0,0.0
777187,936,40-44,M,27,31,28,11292.0,3,5.389999866,1.0,1.0,0.026567481402763018,1.796666622
777198,936,30-34,M,64,70,69,12729.0,4,5.779999852,1.0,0.0,0.031424306701233404,1.444999963
777200,936,30-34,M,64,69,70,1898.0,0,0.0,1.0,1.0,0.0,0.0
777201,936,30-34,M,64,69,65,1882.0,0,0.0,1.0,1.0,0.0,0.0
777235,936,30-34,M,65,66,67,2883.0,1,0.99000001,1.0,1.0,0.0346860908775581,0.99000001
777248,936,30-34,F,7,9,10,3989.0,1,1.279999971,1.0,0.0,0.0250689395838556,1.279999971
777261,936,40-44,M,29,31,34,19603.0,4,5.279999971,1.0,1.0,0.020405040044891087,1.31999999275
777382,936,40-44,M,24,26,27,3047.0,1,1.379999995,1.0,0.0,0.03281916639317361,1.379999995
777398,936,35-39,M,24,27,30,3029.0,1,1.049999952,1.0,1.0,0.033014196104324864,1.049999952
777410,936,45-49,M,26,29,28,3490.0,1,1.340000033,1.0,1.0,0.028653295128939826,1.340000033
777482,936,45-49,M,28,32,32,2479.0,0,0.0,1.0,0.0,0.0,0.0
777495,936,40-44,M,19,25,25,19581.0,7,10.42999983,2.0,0.0,0.0357489402992697,1.4899999757142857
777519,936,45-49,M,29,34,32,19537.0,5,6.099999905,1.0,0.0,0.025592465578133796,1.219999981
777625,936,45-49,M,16,17,19,59433.0,12,19.65999949,3.0,0.0,0.020190803089192872,1.6383332908333335
777627,936,45-49,M,16,17,19,157534.0,33,56.19000077,2.0,0.0,0.020947858874909544,1.702727296060606
777638,936,40-44,M,7,10,12,1781.0,0,0.0,1.0,1.0,0.0,0.0
777670,936,40-44,M,16,19,19,23769.0,4,6.029999852,1.0,0.0,0.016828642349278472,1.507499963
777673,936,40-44,M,16,18,17,7101.0,0,0.0,1.0,0.0,0.0,0.0
777742,936,35-39,M,64,69,68,4726.0,1,1.830000043,1.0,1.0,0.021159542953872196,1.830000043
777758,936,30-34,M,19,20,20,5209.0,1,0.959999979,2.0,0.0,0.01919754271453254,0.959999979
777794,936,30-34,M,18,23,24,13473.0,3,2.619999945,3.0,0.0,0.0222667557336896,0.873333315
777816,936,40-44,M,2,7,7,500.0,0,0.0,1.0,1.0,0.0,0.0
777871,936,30-34,M,20,26,23,4616.0,1,1.360000014,1.0,0.0,0.02166377816291161,1.360000014
777904,936,30-34,M,31,32,33,3279.0,0,0.0,1.0,0.0,0.0,0.0
777905,936,30-34,M,31,36,36,3288.0,0,0.0,1.0,0.0,0.0,0.0
778037,936,35-39,M,27,29,28,14615.0,4,6.050000191,1.0,0.0,0.027369141293191925,1.51250004775
778048,936,30-34,M,27,28,29,56615.0,12,19.88000035,2.0,0.0,0.021195796167093526,1.6566666958333334
778085,936,30-34,M,26,32,31,11735.0,3,4.529999971,1.0,1.0,0.025564550489987216,1.5099999903333332
778087,936,30-34,M,26,30,32,15910.0,5,6.779999852,1.0,0.0,0.03142677561282212,1.3559999704
778112,936,35-39,M,29,33,35,11446.0,2,3.090000033,1.0,1.0,0.017473353136466887,1.5450000165
778113,936,35-39,M,29,35,35,4595.0,0,0.0,1.0,0.0,0.0,0.0
778124,936,30-34,M,29,34,32,4871.0,0,0.0,1.0,0.0,0.0,0.0
778148,936,35-39,M,28,32,30,3199.0,0,0.0,1.0,0.0,0.0,0.0
778156,936,30-34,M,28,32,31,9388.0,2,3.140000105,1.0,0.0,0.021303792074989347,1.5700000525
778161,936,30-34,M,28,31,33,17954.0,6,7.5400002,2.0,1.0,0.03341873677175003,1.2566667
778208,936,40-44,F,29,32,32,2755.0,0,0.0,1.0,0.0,0.0,0.0
778264,936,40-44,F,27,31,30,8152.0,1,0.99000001,1.0,0.0,0.01226692836113837,0.99000001
778266,936,40-44,F,27,32,28,74542.0,19,34.1500001,1.0,0.0,0.025488986074964446,1.7973684263157894
778421,936,40-44,F,20,21,23,6699.0,2,3.090000033,1.0,0.0,0.02985520226899537,1.5450000165
778422,936,40-44,F,20,25,24,11911.0,4,3.959999919,1.0,0.0,0.033582402820921835,0.98999997975
778461,936,40-44,M,29,35,33,10090.0,2,2.650000095,1.0,1.0,0.019821605550049554,1.3250000475
778471,936,30-34,M,32,35,36,1273.0,0,0.0,1.0,1.0,0.0,0.0
778483,936,40-44,F,18,24,20,24188.0,5,8.179999828,1.0,0.0,0.020671407309409626,1.6359999656
778529,936,30-34,M,31,35,33,2214.0,0,0.0,1.0,0.0,0.0,0.0
778556,936,40-44,M,32,35,38,9735.0,4,4.130000114,1.0,1.0,0.04108885464817669,1.0325000285
778590,936,30-34,M,30,36,36,1371.0,0,0.0,1.0,1.0,0.0,0.0
778600,936,40-44,F,22,23,25,10750.0,4,5.389999866,1.0,0.0,0.037209302325581395,1.3474999665
778626,936,30-34,M,29,33,35,7629.0,1,0.720000029,1.0,1.0,0.013107877834578582,0.720000029
778628,936,30-34,M,29,35,30,4608.0,0,0.0,1.0,0.0,0.0,0.0
778674,936,35-39,M,29,31,30,3732.0,0,0.0,1.0,0.0,0.0,0.0
778689,936,30-34,M,28,32,32,7453.0,1,1.679999948,1.0,1.0,0.013417415805715819,1.679999948
778722,936,35-39,F,64,70,67,41785.0,14,19.10000038,1.0,0.0,0.033504846236687806,1.3642857414285714
778737,936,35-39,M,27,32,30,8077.0,2,3.579999924,1.0,1.0,0.02476166893648632,1.789999962
778756,936,35-39,F,63,65,65,5602.0,1,1.580000043,1.0,0.0,0.01785076758300607,1.580000043
778804,936,30-34,M,26,29,29,6184.0,2,2.75,1.0,1.0,0.03234152652005175,1.375
778808,936,30-34,M,26,28,29,1738.0,0,0.0,1.0,0.0,0.0,0.0
778964,936,35-39,F,27,33,28,112460.0,25,41.29000068,1.0,0.0,0.0222301262671172,1.6516000272
779057,936,40-44,M,15,21,21,4414.0,0,0.0,1.0,0.0,0.0,0.0
779106,936,35-39,F,30,35,36,14670.0,7,9.410000324,1.0,0.0,0.047716428084526245,1.3442857605714287
779438,936,30-34,F,64,66,69,33144.0,9,13.40999985,1.0,0.0,0.02715423606082549,1.4899999833333333
779453,936,45-49,M,64,68,70,4397.0,1,0.949999988,1.0,0.0,0.02274277916761428,0.949999988
779488,936,45-49,M,65,68,69,1006.0,0,0.0,1.0,0.0,0.0,0.0
779573,936,35-39,F,10,13,16,89527.0,24,32.28999996,1.0,0.0,0.02680755526265819,1.3454166650000001
779608,936,35-39,F,15,18,16,2459.0,0,0.0,1.0,0.0,0.0,0.0
779609,936,35-39,F,15,20,18,7116.0,2,1.730000019,1.0,1.0,0.028105677346824058,0.8650000095
779622,936,30-34,F,15,18,17,8613.0,1,0.889999986,2.0,0.0,0.011610356437942644,0.889999986
779631,936,35-39,F,16,19,18,9730.0,1,1.379999995,1.0,0.0,0.010277492291880781,1.379999995
779644,936,30-34,F,16,20,20,51816.0,8,10.2299999,2.0,1.0,0.015439246564767639,1.2787499875
779645,936,30-34,F,16,21,20,27289.0,3,4.429999828,1.0,0.0,0.010993440580453663,1.4766666093333332
779715,936,30-34,F,29,32,33,20409.0,4,3.829999924,1.0,0.0,0.019599196432946248,0.957499981
779716,936,30-34,F,29,32,34,8044.0,1,1.110000014,1.0,0.0,0.012431626056688214,1.110000014
779738,936,30-34,F,28,32,33,15645.0,4,5.349999905,1.0,0.0,0.02556727388942154,1.33749997625
779778,936,30-34,F,31,37,34,2466.0,0,0.0,2.0,2.0,0.0,0.0
779789,936,45-49,M,10,14,13,11611.0,3,3.950000048,1.0,1.0,0.025837567823615536,1.3166666826666666
779824,936,45-49,M,7,13,9,9375.0,3,4.019999981,1.0,0.0,0.032,1.3399999936666667
779871,936,30-34,F,32,37,34,4402.0,1,1.330000043,1.0,1.0,0.022716946842344387,1.330000043
779918,936,30-34,F,18,23,24,8469.0,2,3.089999914,1.0,0.0,0.02361553902467824,1.544999957
779922,936,30-34,F,18,22,24,5823.0,1,1.419999957,1.0,1.0,0.01717327837884252,1.419999957
779944,936,35-39,M,10,13,16,2549.0,0,0.0,1.0,0.0,0.0,0.0
779979,936,35-39,M,16,17,21,25817.0,4,6.019999981,1.0,0.0,0.015493666963628618,1.50499999525
779995,936,30-34,F,20,24,25,1961.0,0,0.0,1.0,0.0,0.0,0.0
780064,936,30-34,F,22,24,25,2554.0,0,0.0,1.0,0.0,0.0,0.0
780104,936,30-34,F,25,27,26,4971.0,1,1.230000019,1.0,1.0,0.020116676725005028,1.230000019
780199,936,35-39,F,23,28,27,1030.0,0,0.0,1.0,1.0,0.0,0.0
780318,936,45-49,F,29,32,31,162341.0,56,77.07999969,3.0,0.0,0.034495290776821626,1.376428565892857
780323,936,45-49,F,29,35,34,24542.0,7,9.329999924,1.0,0.0,0.028522532800912718,1.3328571319999998
780486,936,30-34,F,65,69,71,2879.0,0,0.0,1.0,1.0,0.0,0.0
780498,936,30-34,F,64,65,68,13621.0,3,4.090000033,1.0,0.0,0.02202481462447691,1.3633333443333333
780511,936,30-34,F,63,65,66,6175.0,1,1.370000005,2.0,1.0,0.016194331983805668,1.370000005
780629,936,30-34,F,28,34,34,2963.0,0,0.0,1.0,0.0,0.0,0.0
780653,936,30-34,F,29,33,35,9076.0,1,1.379999995,1.0,1.0,0.011018069634200088,1.379999995
780655,936,30-34,F,29,33,34,20941.0,4,5.909999967,1.0,1.0,0.019101284561386753,1.47749999175
780666,936,45-49,F,10,13,13,3462.0,0,0.0,1.0,0.0,0.0,0.0
780681,936,30-34,F,26,29,29,4073.0,0,0.0,1.0,1.0,0.0,0.0
780700,936,30-34,F,27,33,30,3745.0,0,0.0,1.0,0.0,0.0,0.0
780748,936,30-34,F,24,26,28,830.0,0,0.0,1.0,0.0,0.0,0.0
780759,936,45-49,F,18,24,22,2912.0,0,0.0,1.0,0.0,0.0,0.0
780760,936,45-49,F,18,23,22,17167.0,5,6.910000086,1.0,0.0,0.029125648045669014,1.3820000172
780797,936,30-34,F,22,25,25,24491.0,7,9.539999962,1.0,0.0,0.028581928055203952,1.3628571374285714
780799,936,30-34,F,22,24,26,44699.0,13,17.30000037,2.0,0.0,0.029083424685115995,1.3307692592307692
780821,936,30-34,F,23,24,25,6469.0,2,1.309999943,1.0,0.0,0.030916679548616478,0.6549999715
780830,936,45-49,F,16,17,17,16053.0,3,4.079999924,1.0,1.0,0.018688095683049896,1.3599999746666667
780835,936,45-49,F,16,21,21,54724.0,12,17.92999995,1.0,1.0,0.02192822162122652,1.4941666624999999
780867,936,30-34,F,21,27,26,4706.0,1,1.220000029,1.0,0.0,0.021249468763280918,1.220000029
780974,936,40-44,F,32,38,36,8316.0,3,4.569999933,1.0,1.0,0.03607503607503607,1.523333311
781066,936,40-44,F,22,26,25,5794.0,2,2.269999981,1.0,0.0,0.03451846738004832,1.1349999905
781114,936,40-44,F,18,24,22,4813.0,1,1.029999971,1.0,0.0,0.02077706212341575,1.029999971
781159,936,40-44,F,10,15,11,85285.0,26,36.13000035,1.0,0.0,0.03048601747083309,1.3896153980769232
781162,936,40-44,F,10,11,13,5839.0,1,1.370000005,1.0,0.0,0.017126220243192325,1.370000005
781175,936,40-44,F,15,16,21,5859.0,1,1.539999962,1.0,0.0,0.017067759003242877,1.539999962
781187,936,40-44,F,16,22,19,164118.0,41,59.06999993,1.0,0.0,0.024982025128261375,1.4407317056097562
781195,936,35-39,F,63,67,69,18234.0,6,7.810000062,1.0,0.0,0.03290556103981573,1.301666677
781207,936,35-39,F,64,67,70,2755.0,0,0.0,1.0,0.0,0.0,0.0
781303,936,35-39,F,27,29,30,73676.0,20,28.5,1.0,0.0,0.027145881969705195,1.425
781305,936,35-39,F,27,30,28,18421.0,7,10.07999992,1.0,0.0,0.03800010857173878,1.4399999885714287
781327,936,35-39,F,29,35,35,164754.0,49,67.97999978,2.0,1.0,0.02974131128834505,1.3873469342857143
781353,936,35-39,F,10,13,15,7449.0,1,1.639999986,1.0,1.0,0.013424620754463686,1.639999986
781354,936,35-39,F,10,14,16,6424.0,1,0.529999971,1.0,0.0,0.015566625155666251,0.529999971
781438,936,30-34,M,63,65,68,2086.0,0,0.0,1.0,0.0,0.0,0.0
781470,936,35-39,M,16,17,18,6016.0,0,0.0,1.0,0.0,0.0,0.0
781499,936,35-39,M,15,21,20,6412.0,1,1.370000005,1.0,0.0,0.015595757953836557,1.370000005
781508,936,30-34,F,63,68,64,5040.0,1,1.440000057,1.0,0.0,0.01984126984126984,1.440000057
781556,936,30-34,F,32,37,36,1772.0,0,0.0,1.0,0.0,0.0,0.0
781559,936,30-34,F,32,38,34,1783.0,0,0.0,1.0,0.0,0.0,0.0
781606,936,35-39,M,20,21,24,8200.0,3,3.919999957,1.0,0.0,0.036585365853658534,1.3066666523333332
781690,936,45-49,F,26,28,30,115896.0,38,49.44000006,1.0,0.0,0.03278801684268655,1.3010526331578949
781811,936,35-39,F,16,17,22,10186.0,1,1.230000019,1.0,1.0,0.0098173964264677,1.230000019
781857,936,30-34,M,20,21,24,9134.0,3,4.180000067,2.0,0.0,0.032844317932997594,1.3933333556666667
781858,936,30-34,M,20,25,22,3385.0,1,1.440000057,1.0,1.0,0.029542097488921712,1.440000057
781907,936,45-49,F,21,27,23,1314.0,0,0.0,1.0,0.0,0.0,0.0
781928,936,30-34,M,18,21,22,2916.0,0,0.0,1.0,1.0,0.0,0.0
781929,936,30-34,M,18,21,21,6142.0,1,1.330000043,1.0,0.0,0.0162813415825464,1.330000043
781950,936,30-34,F,20,26,21,1984.0,0,0.0,1.0,0.0,0.0,0.0
781999,936,30-34,M,24,30,29,9142.0,3,3.749999881,1.0,0.0,0.03281557646029316,1.2499999603333334
782001,936,30-34,M,24,30,28,5475.0,2,2.730000019,1.0,1.0,0.0365296803652968,1.3650000095
782022,936,30-34,F,18,24,20,8254.0,2,2.320000052,1.0,1.0,0.0242306760358614,1.160000026
782026,936,30-34,F,18,24,20,5704.0,1,1.320000052,1.0,0.0,0.01753155680224404,1.320000052
782130,936,30-34,F,16,18,21,7301.0,0,0.0,1.0,0.0,0.0,0.0
782134,936,30-34,F,16,19,21,37873.0,5,6.169999957,1.0,1.0,0.013202017268238586,1.2339999914
782135,936,30-34,F,16,20,17,25267.0,4,4.940000057,2.0,1.0,0.015830925713381093,1.23500001425
782171,936,30-34,F,30,31,32,535.0,0,0.0,1.0,0.0,0.0,0.0
782180,936,30-34,M,29,34,30,3396.0,0,0.0,1.0,0.0,0.0,0.0
782219,936,30-34,M,26,27,32,977.0,0,0.0,1.0,0.0,0.0,0.0
782228,936,40-44,F,63,64,66,12318.0,5,6.340000153,1.0,1.0,0.040591005033284625,1.2680000306
782242,936,30-34,F,28,34,31,4783.0,1,0.860000014,1.0,0.0,0.02090738030524775,0.860000014
782275,936,30-34,F,29,31,30,6475.0,1,1.350000024,1.0,0.0,0.015444015444015444,1.350000024
782337,936,45-49,F,16,18,19,104578.0,29,39.25000095,1.0,1.0,0.027730497810246894,1.3534483086206897
782407,936,45-49,F,10,12,11,33664.0,11,12.51000035,1.0,0.0,0.03267585551330798,1.137272759090909
782443,936,40-44,F,20,25,24,979.0,0,0.0,1.0,0.0,0.0,0.0
782541,936,40-44,F,28,29,30,7337.0,3,4.079999924,1.0,0.0,0.04088864658579801,1.3599999746666667
782587,936,30-34,M,10,13,16,2499.0,0,0.0,1.0,0.0,0.0,0.0
782647,936,40-44,F,27,33,30,11244.0,3,4.550000191,1.0,0.0,0.026680896478121666,1.5166667303333332
782658,936,30-34,M,15,17,19,4827.0,0,0.0,1.0,0.0,0.0,0.0
782694,936,35-39,F,29,31,35,29035.0,7,8.910000086,2.0,2.0,0.024108834165662132,1.2728571551428571
782706,936,35-39,F,30,32,32,761.0,0,0.0,1.0,0.0,0.0,0.0
782754,936,35-39,F,26,31,32,6532.0,1,1.610000014,1.0,0.0,0.015309246785058175,1.610000014
782815,936,40-44,F,10,16,15,11537.0,3,4.300000191,1.0,0.0,0.026003293750541737,1.433333397
782816,936,40-44,F,10,13,11,12183.0,3,2.869999945,1.0,0.0,0.02462447672986949,0.9566666483333334
782862,936,35-39,F,64,70,67,5912.0,1,1.559999943,1.0,1.0,0.016914749661705007,1.559999943
950068,936,30-34,M,10,12,13,4012.0,1,1.570000052,1.0,0.0,0.024925224327018942,1.570000052
950078,936,30-34,M,16,22,17,12396.0,2,3.210000038,2.0,1.0,0.016134236850596968,1.605000019
950079,936,30-34,M,16,20,22,3142.0,0,0.0,2.0,2.0,0.0,0.0
950099,936,30-34,M,18,23,23,1120.0,0,0.0,1.0,0.0,0.0,0.0
950109,936,30-34,M,20,24,22,343.0,0,0.0,1.0,1.0,0.0,0.0
950170,936,30-34,M,15,19,16,1720.0,0,0.0,1.0,1.0,0.0,0.0
950179,936,30-34,M,16,22,19,3423.0,0,0.0,1.0,1.0,0.0,0.0
950182,936,30-34,M,16,20,19,3242.0,0,0.0,1.0,0.0,0.0,0.0
950183,936,30-34,M,16,22,19,15720.0,1,1.379999995,1.0,0.0,0.006361323155216285,1.379999995
950200,936,30-34,M,10,13,15,1217.0,0,0.0,1.0,1.0,0.0,0.0
950224,936,40-44,M,20,21,23,2367.0,2,2.839999914,1.0,1.0,0.08449514152936206,1.419999957
950326,936,35-39,M,16,19,22,6607.0,1,1.320000052,2.0,0.0,0.015135462388375966,1.320000052
950345,936,30-34,M,64,66,65,616.0,0,0.0,1.0,0.0,0.0,0.0
950452,936,45-49,M,16,22,22,5537.0,1,1.519999981,1.0,0.0,0.018060321473722232,1.519999981
950463,936,45-49,M,15,19,18,818.0,0,0.0,1.0,0.0,0.0,0.0
950495,936,45-49,M,21,25,25,1909.0,1,0.980000019,1.0,0.0,0.05238344683080147,0.980000019
950521,936,30-34,M,21,27,25,351.0,0,0.0,1.0,0.0,0.0,0.0
950531,936,45-49,M,22,24,26,572.0,0,0.0,1.0,0.0,0.0,0.0
950537,936,40-44,M,36,41,40,1884.0,1,1.409999967,1.0,0.0,0.05307855626326964,1.409999967
950550,936,30-34,M,30,35,36,219.0,0,0.0,1.0,0.0,0.0,0.0
950577,936,30-34,M,32,38,34,540.0,0,0.0,1.0,1.0,0.0,0.0
950578,936,30-34,M,32,37,37,550.0,0,0.0,1.0,0.0,0.0,0.0
950595,936,30-34,M,26,30,31,465.0,0,0.0,1.0,0.0,0.0,0.0
950609,936,30-34,M,29,31,35,1761.0,0,0.0,1.0,1.0,0.0,0.0
950629,936,30-34,M,65,67,68,152.0,0,0.0,1.0,1.0,0.0,0.0
950631,936,30-34,M,65,70,70,152.0,0,0.0,1.0,1.0,0.0,0.0
950649,936,30-34,M,64,67,70,429.0,0,0.0,1.0,0.0,0.0,0.0
950745,936,30-34,M,29,32,31,1514.0,0,0.0,2.0,2.0,0.0,0.0
950770,936,30-34,M,28,31,30,7780.0,3,4.329999924,2.0,2.0,0.038560411311053984,1.443333308
950772,936,35-39,M,28,30,33,460.0,0,0.0,1.0,0.0,0.0,0.0
950773,936,35-39,M,28,29,32,471.0,0,0.0,1.0,0.0,0.0,0.0
950776,936,35-39,M,28,29,32,2633.0,1,1.070000052,1.0,0.0,0.0379794910748196,1.070000052
950787,936,30-34,M,27,32,30,199.0,0,0.0,1.0,0.0,0.0,0.0
950808,936,35-39,M,32,33,38,398.0,0,0.0,1.0,0.0,0.0,0.0
950839,936,30-34,M,24,29,25,246.0,0,0.0,2.0,2.0,0.0,0.0
950878,936,40-44,M,10,11,15,2967.0,1,1.5,1.0,1.0,0.03370407819346141,1.5
950969,936,45-49,M,36,38,40,255.0,0,0.0,1.0,0.0,0.0,0.0
951021,936,30-34,F,7,13,9,457.0,0,0.0,1.0,1.0,0.0,0.0
951033,936,30-34,F,10,13,13,5517.0,1,1.230000019,1.0,0.0,0.018125793003443903,1.230000019
951035,936,30-34,F,10,15,12,1539.0,0,0.0,1.0,1.0,0.0,0.0
951043,936,30-34,F,16,22,17,3189.0,0,0.0,1.0,0.0,0.0,0.0
951045,936,30-34,F,16,20,21,3348.0,0,0.0,1.0,0.0,0.0,0.0
951046,936,30-34,F,16,18,17,20050.0,4,4.659999847,4.0,1.0,0.019950124688279305,1.16499996175
951102,936,45-49,M,16,18,19,2254.0,0,0.0,1.0,0.0,0.0,0.0
951105,936,45-49,M,16,20,21,5894.0,1,1.539999962,1.0,1.0,0.0169664065151001,1.539999962
951133,936,35-39,M,16,21,19,9948.0,2,2.720000029,2.0,0.0,0.02010454362685967,1.3600000145
951202,936,45-49,F,26,29,28,5307.0,3,4.289999962,2.0,1.0,0.05652911249293386,1.4299999873333331
951225,936,35-39,F,22,28,28,4621.0,2,3.25,1.0,1.0,0.04328067517853278,1.625
951270,936,35-39,F,18,21,19,784.0,0,0.0,1.0,1.0,0.0,0.0
951282,936,35-39,F,16,22,17,5775.0,1,1.580000043,1.0,1.0,0.017316017316017316,1.580000043
951285,936,35-39,F,16,20,20,9297.0,2,2.619999886,2.0,1.0,0.021512315800795954,1.309999943
951294,936,35-39,F,15,16,17,699.0,0,0.0,1.0,0.0,0.0,0.0
951305,936,35-39,F,10,12,13,1104.0,0,0.0,1.0,0.0,0.0,0.0
951334,936,30-34,F,64,70,69,3717.0,1,1.539999962,1.0,0.0,0.026903416733925208,1.539999962
951391,936,30-34,F,28,29,33,2879.0,1,1.590000033,2.0,2.0,0.03473428273706148,1.590000033
951392,936,30-34,F,28,31,32,2749.0,1,1.389999986,1.0,0.0,0.036376864314296105,1.389999986
951400,936,45-49,F,10,12,15,24028.0,9,12.39000034,2.0,0.0,0.03745630098218745,1.3766667044444445
951402,936,30-34,F,29,32,31,1118.0,0,0.0,1.0,1.0,0.0,0.0
951413,936,30-34,F,26,29,27,1083.0,0,0.0,2.0,1.0,0.0,0.0
951420,936,30-34,F,27,33,32,843.0,0,0.0,1.0,0.0,0.0,0.0
951444,936,30-34,F,25,28,26,2983.0,1,0.970000029,1.0,0.0,0.03352329869259135,0.970000029
951448,936,30-34,F,25,30,28,696.0,0,0.0,1.0,0.0,0.0,0.0
951462,936,45-49,F,16,20,19,7589.0,2,3.150000095,1.0,1.0,0.02635393332454869,1.5750000475
951464,936,45-49,F,16,17,21,20997.0,10,11.94999981,1.0,0.0,0.0476258513120922,1.194999981
951465,936,45-49,F,16,18,17,4617.0,1,1.360000014,1.0,0.0,0.021659085986571368,1.360000014
951498,936,45-49,F,20,22,21,259.0,0,0.0,1.0,0.0,0.0,0.0
951508,936,30-34,F,18,21,22,1134.0,0,0.0,1.0,0.0,0.0,0.0
951542,936,40-44,F,27,32,28,357.0,0,0.0,1.0,0.0,0.0,0.0
951607,936,40-44,F,10,15,15,848.0,0,0.0,1.0,1.0,0.0,0.0
951608,936,40-44,F,10,15,13,3149.0,1,1.480000019,1.0,0.0,0.031756113051762465,1.480000019
951641,936,40-44,F,2,4,7,87.0,0,0.0,1.0,1.0,0.0,0.0
951677,936,35-39,F,27,28,31,2563.0,1,1.480000019,1.0,0.0,0.03901677721420211,1.480000019
951692,936,35-39,F,10,15,14,1107.0,0,0.0,1.0,0.0,0.0,0.0
951715,936,45-49,F,64,65,65,10677.0,5,7.269999981,1.0,0.0,0.04682963379226374,1.4539999961999999
951756,936,35-39,F,22,25,26,2189.0,1,0.409999996,1.0,0.0,0.04568296025582458,0.409999996
951779,936,45-49,F,27,32,29,3277.0,2,2.680000067,1.0,0.0,0.061031431187061336,1.3400000335
951782,936,45-49,F,26,30,29,781.0,0,0.0,1.0,0.0,0.0,0.0
951810,936,35-39,F,16,17,22,2226.0,0,0.0,1.0,0.0,0.0,0.0
951812,936,35-39,F,16,18,18,16274.0,4,6.079999924,2.0,0.0,0.02457908320019663,1.519999981
951837,936,45-49,F,20,23,23,2077.0,1,1.50999999,1.0,1.0,0.04814636494944632,1.50999999
951853,936,30-34,F,20,23,25,529.0,0,0.0,0.0,0.0,0.0,0.0
951854,936,30-34,F,20,26,25,487.0,0,0.0,1.0,0.0,0.0,0.0
951856,936,30-34,F,20,23,21,4626.0,2,2.099999905,2.0,0.0,0.043233895373973194,1.0499999525
951941,936,30-34,F,28,33,34,2764.0,1,1.559999943,1.0,1.0,0.0361794500723589,1.559999943
952001,936,45-49,F,10,12,13,5447.0,2,2.960000038,1.0,0.0,0.03671745915182669,1.480000019
952031,936,40-44,F,16,17,17,28169.0,8,12.36999989,1.0,1.0,0.028400014200007102,1.54624998625
952080,936,40-44,F,27,30,30,415.0,0,0.0,1.0,0.0,0.0,0.0
952100,936,35-39,F,29,31,30,810.0,0,0.0,1.0,1.0,0.0,0.0
1121091,1178,30-34,M,10,11,15,1194718.0,141,254.049996,28.0,14.0,0.011801948242179327,1.8017730212765957
1121092,1178,30-34,M,10,12,11,637648.0,67,122.4,13.0,5.0,0.010507364564775551,1.826865671641791
1121094,1178,30-34,M,10,16,15,24362.0,0,0.0,1.0,1.0,0.0,0.0
1121095,1178,30-34,M,10,16,12,459690.0,50,86.33000112,5.0,2.0,0.010876895299005852,1.7266000224000002
1121096,1178,30-34,M,10,11,16,750060.0,86,161.9099991,11.0,2.0,0.01146574940671413,1.8826744081395348
1121097,1178,30-34,M,15,18,18,30068.0,1,1.820000052,1.0,0.0,0.0033257948649727284,1.820000052
1121098,1178,30-34,M,15,18,21,1267550.0,123,236.7699986,24.0,10.0,0.009703759220543567,1.924959338211382
1121100,1178,30-34,M,15,20,17,3052003.0,340,639.9499981,60.0,17.0,0.011140224960460392,1.8822058767647059
1121101,1178,30-34,M,15,17,21,29945.0,1,1.590000033,2.0,1.0,0.0033394556687259976,1.590000033
1121102,1178,30-34,M,15,18,20,357856.0,30,52.97000015,7.0,3.0,0.008383260305821335,1.7656666716666665
1121104,1178,30-34,M,16,20,20,2080666.0,202,360.1500015,40.0,21.0,0.009708429896965683,1.7829207995049503
1121105,1178,30-34,M,16,22,19,145999.0,9,16.5200001,5.0,2.0,0.006164425783738245,1.8355555666666667
1121107,1178,30-34,M,16,17,19,32616.0,1,1.539999962,2.0,0.0,0.00306597988717194,1.539999962
1121108,1178,30-34,M,16,20,18,984521.0,95,163.8999972,26.0,14.0,0.00964936248185666,1.7252631284210527
1121110,1178,30-34,M,18,20,22,880814.0,123,210.3600006,6.0,2.0,0.013964355698251843,1.7102439073170732
1121111,1178,30-34,M,18,19,21,182452.0,20,35.73000026,4.0,1.0,0.010961787209786683,1.786500013
1121113,1178,30-34,M,18,24,24,894911.0,120,215.8399994,7.0,4.0,0.013409154653367766,1.7986666616666667
1121114,1178,30-34,M,18,23,23,31349.0,2,3.800000072,1.0,0.0,0.006379788828989761,1.900000036
1121115,1178,30-34,M,19,21,21,410310.0,55,96.80000055,3.0,0.0,0.01340449903731325,1.76000001
1121116,1178,30-34,M,19,20,24,572450.0,89,157.329998,7.0,4.0,0.015547209363263169,1.7677527865168539
1121117,1178,30-34,M,19,24,25,98759.0,15,26.56999946,1.0,1.0,0.015188489150355918,1.7713332973333331
1121119,1178,30-34,M,19,21,22,345371.0,54,93.08999991,7.0,3.0,0.015635360235804394,1.7238888872222222
1121121,1178,30-34,M,20,22,25,323899.0,46,78.9200002,5.0,1.0,0.014201958017777148,1.7156521782608696
1121122,1178,30-34,M,20,21,25,399199.0,58,103.1500002,3.0,0.0,0.014529094511759799,1.7784482793103447
1121123,1178,30-34,M,20,24,22,171202.0,22,36.53000021,3.0,1.0,0.01285031716919195,1.6604545549999998
1121124,1178,30-34,M,20,26,24,128386.0,15,28.85000002,2.0,1.0,0.011683516894365429,1.9233333346666666
1121125,1178,30-34,M,20,26,24,1034284.0,152,257.7099986,20.0,9.0,0.01469615695495628,1.6954605171052632
1121126,1178,30-34,M,20,21,24,45923.0,5,7.220000148,2.0,0.0,0.010887790431809768,1.4440000296
1121127,1178,30-34,M,21,23,22,40873.0,4,7.899999976,2.0,1.0,0.009786411567538473,1.974999994
1121128,1178,30-34,M,21,26,22,286553.0,34,62.06000042,2.0,1.0,0.01186516979406951,1.82529413
1121129,1178,30-34,M,21,25,25,20618.0,1,2.099999905,2.0,1.0,0.004850130953535745,2.099999905
1121131,1178,30-34,M,21,27,25,83591.0,7,14.14000046,2.0,2.0,0.008374107260350995,2.0200000657142856
1121132,1178,30-34,M,21,23,27,114923.0,12,23.73000026,4.0,2.0,0.010441774057412354,1.9775000216666667
1121133,1178,30-34,M,22,25,23,25002.0,1,1.710000038,1.0,0.0,0.003999680025597952,1.710000038
1121134,1178,30-34,M,22,27,28,68905.0,5,9.440000057,1.0,0.0,0.007256367462448299,1.8880000114000002
1121136,1178,30-34,M,22,26,26,169588.0,16,27.79999924,1.0,0.0,0.00943462980871288,1.7374999525
1121138,1178,30-34,M,22,26,24,328991.0,35,67.65000057,5.0,2.0,0.010638588897568626,1.9328571591428572
1121141,1178,30-34,M,23,29,27,23198.0,2,2.980000019,1.0,0.0,0.008621432882145013,1.4900000095
1121142,1178,30-34,M,23,24,27,26890.0,2,3.24000001,1.0,0.0,0.007437709185570845,1.620000005
1121143,1178,30-34,M,23,28,27,221695.0,31,52.26000011,5.0,2.0,0.013983175082884144,1.6858064551612904
1121152,1178,30-34,M,24,29,28,88443.0,7,13.0400002,1.0,1.0,0.007914702124532184,1.8628571714285713
1121153,1178,30-34,M,24,27,30,187856.0,23,38.38999975,5.0,1.0,0.012243420492291969,1.6691304239130436
1121164,1178,30-34,M,25,31,30,570699.0,80,138.7699997,9.0,2.0,0.014017897350442177,1.73462499625
1121167,1178,30-34,M,25,29,31,1063508.0,145,260.3800013,23.0,7.0,0.013634124049842596,1.7957241468965517
1121168,1178,30-34,M,25,27,28,50523.0,6,8.549999952,1.0,0.0,0.011875779348019715,1.424999992
1121172,1178,30-34,M,26,30,28,87935.0,9,15.63000023,1.0,0.0,0.010234832546767499,1.7366666922222223
1121173,1178,30-34,M,26,31,32,278225.0,33,60.19999957,3.0,0.0,0.011860903944649115,1.8242424112121214
1121175,1178,30-34,M,26,28,29,209461.0,20,34.19000006,1.0,0.0,0.009548316870443663,1.709500003
1121177,1178,30-34,M,26,28,29,26316.0,2,3.24000001,3.0,0.0,0.007599939200486396,1.620000005
1121181,1178,30-34,M,27,32,29,41030.0,3,5.140000105,2.0,1.0,0.0073117231294175,1.7133333683333334
1121182,1178,30-34,M,27,28,33,876671.0,120,216.5599982,22.0,4.0,0.013688145267723011,1.8046666516666667
1121183,1178,30-34,M,27,32,29,399392.0,53,93.07000041,5.0,0.0,0.013270170659402291,1.7560377435849057
1121184,1178,30-34,M,27,31,29,283858.0,30,56.05999923,1.0,0.0,0.01056866461399714,1.8686666410000001
1121185,1178,30-34,M,27,28,29,260699.0,31,54.09999871,5.0,2.0,0.011891108136203055,1.7451612487096775
1121193,1178,30-34,M,28,34,29,57781.0,5,7.800000072,2.0,1.0,0.008653363562416711,1.5600000144
1121195,1178,30-34,M,28,34,33,38757.0,3,5.220000029,1.0,0.0,0.007740537193281214,1.7400000096666668
1121196,1178,30-34,M,28,29,29,1392288.0,206,358.5500029,31.0,7.0,0.014795789376910524,1.740533994660194
1121197,1178,30-34,M,28,30,32,1109387.0,159,280.9899995,13.0,2.0,0.014332239335777326,1.7672327012578617
1121202,1178,30-34,M,29,32,34,581281.0,65,115.1200008,10.0,5.0,0.011182199314961266,1.7710769353846154
1121203,1178,30-34,M,29,35,33,1048861.0,128,219.770002,22.0,8.0,0.012203714314861551,1.716953140625
1121205,1178,30-34,M,29,32,30,297452.0,30,52.01999986,4.0,1.0,0.010085660879738579,1.7339999953333334
1121206,1178,30-34,M,29,34,31,227925.0,22,35.30999994,22.0,12.0,0.009652297905012614,1.6049999972727271
1121207,1178,30-34,M,29,34,31,374175.0,38,63.32000101,8.0,3.0,0.010155675820137636,1.6663158160526315
1121211,1178,30-34,M,30,32,31,223586.0,32,54.24000037,1.0,0.0,0.014312166235810829,1.6950000115625
1121213,1178,30-34,M,30,31,35,283170.0,39,65.22999996,2.0,1.0,0.013772645407352473,1.6725641015384616
1121215,1178,30-34,M,30,31,34,41636.0,3,4.210000038,1.0,0.0,0.00720530310308387,1.4033333460000001
1121216,1178,30-34,M,30,32,34,198658.0,30,48.60999978,8.0,1.0,0.01510132992378862,1.6203333260000001
1121220,1178,30-34,M,31,37,35,100596.0,10,13.91999972,4.0,2.0,0.009940753111455723,1.391999972
1121223,1178,30-34,M,31,37,35,64020.0,5,11.0599997,1.0,0.0,0.0078100593564511085,2.21199994
1121224,1178,30-34,M,31,32,33,14289.0,0,0.0,1.0,0.0,0.0,0.0
1121229,1178,30-34,M,32,36,37,404866.0,43,87.42000079,4.0,0.0,0.010620797992422184,2.033023274186047
1121231,1178,30-34,M,32,36,35,22256.0,1,1.659999967,1.0,1.0,0.004493170381020849,1.659999967
1121233,1178,30-34,M,32,34,36,57690.0,4,6.74000001,1.0,0.0,0.006933610677760443,1.6850000025
1121241,1178,30-34,M,36,40,37,24952.0,5,8.220000267,3.0,2.0,0.020038473869830074,1.6440000533999999
1121242,1178,30-34,M,36,37,39,38900.0,3,5.580000043,1.0,0.0,0.007712082262210797,1.8600000143333333
1121243,1178,30-34,M,36,42,42,53520.0,6,9.2299999,1.0,1.0,0.011210762331838564,1.5383333166666666
1121244,1178,30-34,M,36,41,41,181683.0,20,34.22999972,2.0,1.0,0.011008184585239125,1.7114999860000002
1121245,1178,30-34,M,36,37,40,29185.0,2,3.149999976,1.0,0.0,0.00685283536063046,1.574999988
1121246,1178,30-34,M,36,41,38,105047.0,13,20.2099994,3.0,1.0,0.01237541291041153,1.5546153384615384
1121250,1178,30-34,M,63,67,64,287976.0,31,59.43999982,3.0,2.0,0.010764785954385087,1.917419349032258
1121251,1178,30-34,M,63,65,69,212175.0,22,38.58999968,2.0,1.0,0.010368799340167314,1.7540908945454545
1121252,1178,30-34,M,63,69,67,11139.0,0,0.0,1.0,1.0,0.0,0.0
1121254,1178,30-34,M,63,64,65,124005.0,11,21.84999979,4.0,1.0,0.008870610056046127,1.986363617272727
1121255,1178,30-34,M,63,64,67,20423.0,1,1.960000038,1.0,0.0,0.0048964402879106885,1.960000038
1121261,1178,30-34,M,64,67,65,103001.0,14,22.32000005,1.0,0.0,0.013592101047562644,1.594285717857143
1121262,1178,30-34,M,64,66,67,447420.0,66,110.2399991,7.0,2.0,0.014751240445219258,1.6703030166666668
1121263,1178,30-34,M,64,66,69,156101.0,19,29.75000048,2.0,2.0,0.012171606844286711,1.5657894989473684
1121264,1178,30-34,M,64,70,67,93015.0,12,18.47000015,1.0,0.0,0.012901144976616674,1.5391666791666667
1121265,1178,30-34,M,65,70,68,145398.0,23,36.24000025,1.0,0.0,0.015818649499993124,1.5756521847826088
1121269,1178,30-34,M,65,67,67,296413.0,50,76.43999958,3.0,1.0,0.01686835597628984,1.5287999916000001
1121273,1178,30-34,M,2,4,4,9370.0,0,0.0,1.0,1.0,0.0,0.0
1121274,1178,30-34,M,2,4,7,63785.0,7,11.80000019,6.0,2.0,0.010974367014188288,1.685714312857143
1121275,1178,30-34,M,2,8,3,118522.0,14,26.81999981,2.0,1.0,0.011812153018005096,1.915714272142857
1121276,1178,30-34,M,2,5,5,240123.0,38,65.67000115,5.0,4.0,0.015825222906593703,1.728157925
1121277,1178,30-34,M,7,9,13,169108.0,20,32.24000025,2.0,1.0,0.011826761596139745,1.6120000125
1121278,1178,30-34,M,7,13,10,1044442.0,142,245.5999999,22.0,8.0,0.013595776500753514,1.729577464084507
1121279,1178,30-34,M,7,10,13,93891.0,11,17.6400001,5.0,3.0,0.011715712901130035,1.6036363727272729
1121282,1178,30-34,M,7,11,10,185823.0,25,38.54999936,4.0,1.0,0.013453662894259592,1.5419999744000001
1121284,1178,30-34,M,66,68,70,175631.0,23,40.75999951,1.0,0.0,0.013095638013790276,1.7721738917391305
1121285,1178,30-34,M,66,68,70,37187.0,4,6.370000005,1.0,0.0,0.010756447145507839,1.59250000125
1121286,1178,30-34,M,66,67,69,10991.0,0,0.0,1.0,0.0,0.0,0.0
1121287,1178,30-34,M,66,69,69,344618.0,51,89.76000047,3.0,1.0,0.014798994829057102,1.7600000092156862
1121289,1178,35-39,M,10,14,13,98066.0,9,16.1500001,1.0,0.0,0.009177492708991904,1.7944444555555554
1121290,1178,35-39,M,10,13,12,770749.0,100,189.1299984,13.0,3.0,0.01297439244163794,1.891299984
1121291,1178,35-39,M,10,16,14,52553.0,5,8.529999852,1.0,0.0,0.009514204707628489,1.7059999704
1121292,1178,35-39,M,10,15,16,362296.0,39,67.77000129,7.0,3.0,0.01076467860533928,1.7376923407692306
1121293,1178,35-39,M,10,16,13,427729.0,50,96.8999989,4.0,1.0,0.011689644611424523,1.937999978
1121296,1178,35-39,M,15,17,19,180351.0,21,37.13000011,1.0,1.0,0.011643960942828152,1.7680952433333332
1121297,1178,35-39,M,15,16,16,187329.0,29,53.15999961,2.0,1.0,0.015480785142716825,1.8331034348275863
1121300,1178,35-39,M,15,16,17,782894.0,118,192.9299995,5.0,2.0,0.015072283093241231,1.634999995762712
1121302,1178,35-39,M,16,17,22,1206533.0,128,236.1199988,17.0,6.0,0.010608909992515746,1.844687490625
1121303,1178,35-39,M,16,19,21,84494.0,7,12.57000017,2.0,0.0,0.008284611925107108,1.79571431
1121304,1178,35-39,M,16,17,20,94257.0,7,12.5800004,1.0,1.0,0.007426504132319085,1.7971429142857143
1121309,1178,35-39,M,18,24,20,131060.0,16,28.04999959,2.0,1.0,0.01220814893941706,1.753124974375
1121310,1178,35-39,M,18,21,19,341603.0,50,83.48000121,4.0,2.0,0.01463687379794674,1.6696000242
1121311,1178,35-39,M,18,20,24,140749.0,19,30.4799999,1.0,1.0,0.01349920780964696,1.6042105210526316
1121312,1178,35-39,M,18,19,21,102525.0,13,20.29999983,2.0,1.0,0.012679834186783711,1.5615384484615384
1121316,1178,35-39,M,19,23,23,447952.0,68,131.5799983,8.0,1.0,0.015180197878344109,1.934999975
1121317,1178,35-39,M,19,25,23,76355.0,9,14.62999988,2.0,0.0,0.011787047344640167,1.625555542222222
1121319,1178,35-39,M,20,26,26,256598.0,38,64.46999931,6.0,1.0,0.014809156735438311,1.6965789292105264
1121321,1178,35-39,M,20,21,21,127476.0,21,30.15000057,3.0,2.0,0.0164736891650193,1.4357143128571428
1121322,1178,35-39,M,20,22,24,237603.0,37,62.25000024,5.0,2.0,0.015572193953780044,1.682432438918919
1121327,1178,35-39,M,21,22,22,271091.0,42,78.03999984,3.0,1.0,0.015492952550988414,1.8580952342857142
1121330,1178,35-39,M,21,23,22,21743.0,2,3.400000095,1.0,0.0,0.009198362691440923,1.7000000475
1121333,1178,35-39,M,22,25,25,88970.0,10,14.8300004,2.0,0.0,0.011239743733842868,1.4830000399999999
1121334,1178,35-39,M,22,24,26,108362.0,13,22.42999983,1.0,1.0,0.01199682545541795,1.7253846023076922
1121335,1178,35-39,M,22,25,23,188596.0,27,44.14000034,3.0,0.0,0.014316316358777491,1.6348148274074075
1121336,1178,35-39,M,22,24,24,275080.0,43,69.65999997,4.0,3.0,0.01563181619892395,1.6199999993023255
1121337,1178,35-39,M,23,28,28,64647.0,10,16.26999998,1.0,0.0,0.015468621900474887,1.626999998
1121338,1178,35-39,M,23,27,24,31265.0,4,5.789999902,1.0,0.0,0.012793858947705102,1.4474999755
1121340,1178,35-39,M,23,27,28,140147.0,24,42.08000016,2.0,0.0,0.017124876023032958,1.75333334
1121341,1178,35-39,M,23,26,27,223120.0,40,67.66999984,1.0,0.0,0.017927572606669058,1.691749996
1121342,1178,35-39,M,23,29,27,104869.0,18,34.07000089,1.0,0.0,0.017164271615062603,1.8927778272222224
1121344,1178,35-39,M,24,27,27,165177.0,23,41.71999967,4.0,1.0,0.013924456794832209,1.8139130291304348
1121345,1178,35-39,M,24,29,29,84194.0,11,19.56999981,1.0,0.0,0.013065064018813691,1.7790908918181818
1121347,1178,35-39,M,24,25,28,220581.0,31,57.37,1.0,1.0,0.014053794297786302,1.8506451612903225
1121350,1178,35-39,M,25,27,31,75804.0,10,17.36999965,2.0,1.0,0.013191915993878952,1.736999965
1121352,1178,35-39,M,25,30,29,368986.0,59,100.289999,0.0,0.0,0.01598976654940838,1.6998304915254236
1121353,1178,35-39,M,25,30,27,28194.0,3,3.709999919,2.0,0.0,0.010640561821664184,1.2366666396666666
1121355,1178,35-39,M,26,29,27,99961.0,14,23.2099998,1.0,0.0,0.014005462130230791,1.6578571285714285
1121359,1178,35-39,M,26,28,27,7573.0,0,0.0,1.0,0.0,0.0,0.0
1121361,1178,35-39,M,27,28,33,685781.0,103,177.8899992,10.0,1.0,0.015019372073592007,1.7270873708737864
1121364,1178,35-39,M,27,30,28,274222.0,43,66.7700001,2.0,1.0,0.01568072583527215,1.5527907
1121365,1178,35-39,M,27,33,31,110503.0,25,32.67999995,4.0,0.0,0.02262382016777825,1.3071999980000002
1121367,1178,35-39,M,28,31,29,1447755.0,233,420.5799983,11.0,8.0,0.016093883288263555,1.805064370386266
1121368,1178,35-39,M,28,33,31,358987.0,52,87.55000067,1.0,0.0,0.014485204199594972,1.6836538590384615
1121369,1178,35-39,M,28,33,31,826205.0,125,232.3700008,5.0,1.0,0.015129417033302872,1.8589600064
1121370,1178,35-39,M,28,33,32,550954.0,84,150.1400012,3.0,0.0,0.0152462819037524,1.7873809666666667
1121372,1178,35-39,M,28,34,34,378350.0,55,96.48000073,4.0,0.0,0.01453680454605524,1.7541818314545454
1121373,1178,35-39,M,29,32,33,492784.0,56,95.5100013,7.0,4.0,0.011364005324848209,1.7055357375
1121374,1178,35-39,M,29,34,35,327158.0,43,72.3100003,6.0,2.0,0.013143496414576444,1.6816279139534884
1121375,1178,35-39,M,29,31,35,9921.0,0,0.0,1.0,0.0,0.0,0.0
1121377,1178,35-39,M,29,34,30,59390.0,5,9.209999919,5.0,3.0,0.008418925745074928,1.8419999837999999
1121378,1178,35-39,M,29,33,33,1040330.0,147,254.2500038,13.0,2.0,0.014130131785106649,1.729591862585034
1121379,1178,35-39,M,30,31,35,49422.0,6,11.17000031,1.0,0.0,0.012140342357654486,1.8616667183333335
1121380,1178,35-39,M,30,35,32,131091.0,18,34.23000026,3.0,1.0,0.013730919742774102,1.901666681111111
1121381,1178,35-39,M,30,31,36,95691.0,15,25.26000011,1.0,1.0,0.015675455371978557,1.6840000073333334
1121390,1178,35-39,M,31,32,36,15513.0,1,1.289999962,1.0,0.0,0.00644620640752917,1.289999962
1121391,1178,35-39,M,32,33,33,382537.0,63,113.9900012,4.0,3.0,0.016468995156024124,1.8093650984126983
1121394,1178,35-39,M,32,37,33,461356.0,64,121.0999982,6.0,3.0,0.013872150790279092,1.892187471875
1121395,1178,35-39,M,32,38,34,392541.0,53,98.70000017,3.0,2.0,0.013501774336948243,1.8622641541509433
1121398,1178,35-39,M,36,39,38,35088.0,5,8.800000072,1.0,1.0,0.014249886000911993,1.7600000143999999
1121400,1178,35-39,M,36,38,41,53933.0,6,9.929999948,3.0,1.0,0.01112491424545269,1.6549999913333335
1121403,1178,35-39,M,63,65,68,228861.0,33,53.38999939,4.0,2.0,0.01441923263465597,1.6178787693939394
1121405,1178,35-39,M,63,66,69,20959.0,2,3.769999981,1.0,1.0,0.009542440001908488,1.8849999905
1121410,1178,35-39,M,64,68,70,24992.0,2,3.190000057,1.0,0.0,0.008002560819462228,1.5950000285
1121411,1178,35-39,M,64,70,65,100351.0,15,24.17999995,2.0,1.0,0.014947534155115546,1.6119999966666667
1121412,1178,35-39,M,64,68,70,292448.0,43,76.89999968,2.0,1.0,0.014703468650837073,1.7883720855813952
1121413,1178,35-39,M,64,67,69,65060.0,7,14.5200001,1.0,1.0,0.010759299108515216,2.0742857285714287
1121414,1178,35-39,M,64,70,66,133316.0,21,36.17000055,2.0,0.0,0.015752047766209608,1.7223809785714284
1121415,1178,35-39,M,65,66,71,113501.0,26,38.44000077,5.0,4.0,0.022907287160465546,1.478461568076923
1121418,1178,35-39,M,65,71,70,192810.0,41,61.92999995,4.0,3.0,0.02126445723769514,1.5104878036585367
1121421,1178,35-39,M,2,8,6,233404.0,43,70.4100008,2.0,1.0,0.018422991893883568,1.6374418790697676
1121422,1178,35-39,M,2,7,7,128843.0,24,37.5999999,2.0,0.0,0.018627321623991992,1.5666666625
1121423,1178,35-39,M,2,5,7,63564.0,12,20.59000027,2.0,0.0,0.018878610534264678,1.7158333558333334
1121425,1178,35-39,M,2,8,7,85970.0,14,24.78000021,1.0,1.0,0.016284750494358496,1.7700000150000001
1121428,1178,35-39,M,7,9,13,131232.0,16,29.53999937,1.0,1.0,0.0121921482565228,1.846249960625
1121429,1178,35-39,M,7,13,9,152454.0,22,37.84999979,1.0,1.0,0.01443058233959096,1.7204545359090908
1121430,1178,35-39,M,7,10,9,28989.0,2,2.290000021,1.0,0.0,0.006899168650177653,1.1450000105
1121433,1178,35-39,M,66,69,72,80248.0,15,24.1900003,1.0,1.0,0.018692054630645,1.6126666866666668
1121437,1178,35-39,M,66,68,68,38580.0,5,8.519999981,1.0,0.0,0.012960082944530845,1.7039999961999999
1121439,1178,40-44,M,10,11,15,621591.0,91,163.36,5.0,1.0,0.014639851606603057,1.7951648351648353
1121440,1178,40-44,M,10,15,11,250499.0,36,58.14000005,3.0,1.0,0.014371314855548325,1.6150000013888888
1121442,1178,40-44,M,10,15,14,131637.0,18,29.30999982,2.0,1.0,0.01367396704573942,1.6283333233333335
1121443,1178,40-44,M,10,12,15,463813.0,69,116.3399996,4.0,2.0,0.014876685215808958,1.6860869507246377
1121444,1178,40-44,M,10,13,12,211767.0,35,60.89999914,5.0,1.0,0.01652759872879155,1.7399999754285713
1121446,1178,40-44,M,15,17,17,163181.0,26,40.02000093,1.0,1.0,0.015933227520360825,1.539230805
1121451,1178,40-44,M,16,20,18,1117385.0,147,260.0699984,11.0,2.0,0.013155716248204512,1.769183662585034
1121452,1178,40-44,M,16,21,22,1663441.0,205,359.4700001,17.0,6.0,0.012323851582352486,1.7535121956097561
1121453,1178,40-44,M,16,18,17,455248.0,54,105.7099996,5.0,2.0,0.011861666608090534,1.9575925851851852
1121454,1178,40-44,M,16,22,20,75589.0,6,10.66000009,1.0,1.0,0.00793766288745717,1.7766666816666667
1121455,1178,40-44,M,16,21,22,594267.0,82,143.3000009,3.0,2.0,0.0137985114435094,1.7475609865853656
1121456,1178,40-44,M,16,22,22,315281.0,35,65.02999854,1.0,0.0,0.011101208128621769,1.857999958285714
1121464,1178,40-44,M,19,23,25,363456.0,71,117.5599997,7.0,1.0,0.0195346892058461,1.655774643661972
1121466,1178,40-44,M,19,23,25,438983.0,81,143.4300001,3.0,1.0,0.018451739589004586,1.7707407419753087
1121467,1178,40-44,M,19,20,24,42563.0,5,9.659999847,1.0,1.0,0.011747292249136574,1.9319999694
1121469,1178,40-44,M,20,26,21,399035.0,75,124.7999995,7.0,3.0,0.018795343766837495,1.6639999933333334
1121471,1178,40-44,M,20,21,26,304680.0,59,98.55000019,3.0,0.0,0.01936457923066824,1.6703389862711866
1121472,1178,40-44,M,20,21,25,140596.0,23,40.77000022,1.0,0.0,0.016358929130273977,1.7726087052173913
1121473,1178,40-44,M,20,25,22,439986.0,80,134.8799999,4.0,3.0,0.018182396712622673,1.68599999875
1121474,1178,40-44,M,20,26,26,75803.0,11,19.3599999,2.0,2.0,0.014511299025104547,1.7599999909090907
1121477,1178,40-44,M,21,27,22,7073.0,0,0.0,1.0,0.0,0.0,0.0
1121481,1178,40-44,M,22,27,25,153586.0,28,43.01000035,2.0,0.0,0.018230828330707226,1.5360714410714285
1121482,1178,40-44,M,22,24,24,180815.0,31,42.62999976,1.0,0.0,0.017144595304593092,1.375161282580645
1121483,1178,40-44,M,22,26,23,253169.0,51,75.78999984,1.0,0.0,0.020144646461454602,1.486078428235294
1121484,1178,40-44,M,22,28,27,34453.0,5,7.710000038,1.0,1.0,0.014512524308478216,1.5420000076
1121487,1178,40-44,M,23,25,26,51550.0,8,14.03999984,1.0,0.0,0.015518913676042675,1.75499998
1121489,1178,40-44,M,23,28,24,110018.0,24,39.85999966,1.0,0.0,0.02181461215437474,1.6608333191666667
1121493,1178,40-44,M,24,28,30,137584.0,21,36.77999961,1.0,0.0,0.015263402721246657,1.7514285528571427
1121497,1178,40-44,M,24,25,27,209825.0,30,54.86999953,1.0,0.0,0.01429762897652806,1.8289999843333333
1121499,1178,40-44,M,25,27,31,264222.0,63,87.7899996,1.0,1.0,0.02384358607534573,1.393492057142857
1121510,1178,40-44,M,26,30,31,31202.0,5,6.730000019,1.0,0.0,0.016024613806807256,1.3460000038
1121511,1178,40-44,M,27,29,32,252991.0,49,76.83999932,3.0,0.0,0.019368277922930065,1.5681632514285715
1121514,1178,40-44,M,27,31,30,56265.0,9,15.53999972,1.0,0.0,0.015995734470807786,1.7266666355555556
1121523,1178,40-44,M,29,32,34,76923.0,11,17.67000008,2.0,2.0,0.014300014300014301,1.6063636436363637
1121524,1178,40-44,M,29,30,35,209332.0,30,49.60000014,3.0,1.0,0.014331301473257792,1.653333338
1121525,1178,40-44,M,29,32,33,214094.0,31,53.26999903,1.0,0.0,0.014479621101011706,1.718387065483871
1121526,1178,40-44,M,29,35,32,526209.0,85,126.9299996,3.0,2.0,0.016153277500004753,1.4932941129411765
1121527,1178,40-44,M,29,35,35,741143.0,120,179.620001,4.0,1.0,0.01619120736484052,1.4968333416666666
1121528,1178,40-44,M,29,33,31,172827.0,25,38.42000043,2.0,0.0,0.01446533238440753,1.5368000172
1121530,1178,40-44,M,30,36,33,188873.0,38,58.5999999,1.0,1.0,0.02011933945031847,1.5421052605263157
1121532,1178,40-44,M,30,35,32,123126.0,25,39.72999978,2.0,1.0,0.0203044036190569,1.5891999912
1121535,1178,40-44,M,31,33,32,77794.0,14,19.11000001,1.0,1.0,0.017996246497159165,1.3650000007142857
1121541,1178,40-44,M,32,33,37,56630.0,9,15.81000018,1.0,1.0,0.015892636411795866,1.7566666866666667
1121544,1178,40-44,M,32,33,36,400844.0,85,140.9700022,4.0,2.0,0.02120525690792428,1.6584706141176473
1121545,1178,40-44,M,32,33,35,208572.0,36,60.76000023,2.0,1.0,0.017260226684310456,1.6877777841666668
1121548,1178,40-44,M,36,38,37,59004.0,8,13.51000011,1.0,0.0,0.013558402820147787,1.68875001375
1121551,1178,40-44,M,36,40,39,196253.0,32,55.10000002,1.0,0.0,0.01630548322828186,1.721875000625
1121554,1178,40-44,M,63,64,66,51858.0,8,12.63000011,1.0,1.0,0.01542674225770373,1.57875001375
1121557,1178,40-44,M,63,68,64,280764.0,49,81.36000025,2.0,1.0,0.01745237993474947,1.6604081683673468
1121561,1178,40-44,M,64,69,70,63660.0,11,16.47000003,1.0,1.0,0.017279296261388626,1.4972727300000002
1121562,1178,40-44,M,64,65,67,109289.0,19,31.02999997,1.0,0.0,0.017385098225804977,1.6331578931578947
1121568,1178,40-44,M,65,70,70,188440.0,40,60.72999966,2.0,1.0,0.021226915729144556,1.5182499914999998
1121571,1178,40-44,M,2,3,5,212496.0,44,74.83000135,2.0,1.0,0.0207062721180634,1.7006818488636364
1121572,1178,40-44,M,2,6,3,32574.0,5,7.480000019,1.0,0.0,0.015349665377294775,1.4960000038
1121575,1178,40-44,M,2,4,5,128595.0,23,36.4800005,1.0,1.0,0.01788560986041448,1.5860869782608698
1121577,1178,40-44,M,7,9,11,242234.0,48,68.06000054,2.0,0.0,0.01981555025306109,1.4179166779166668
1121584,1178,40-44,M,66,67,67,33154.0,5,7.879999995,1.0,1.0,0.015081136514447728,1.575999999
1121585,1178,40-44,M,66,72,68,9773.0,1,1.460000038,1.0,0.0,0.010232272587741738,1.460000038
1121589,1178,45-49,M,10,16,11,464036.0,77,123.5500004,3.0,1.0,0.016593540156367177,1.6045454597402597
1121590,1178,45-49,M,10,16,15,478480.0,75,135.7500012,3.0,1.0,0.015674636348436716,1.8100000160000003
1121592,1178,45-49,M,10,14,11,428812.0,66,116.8800001,4.0,2.0,0.015391360316409055,1.7709090924242425
1121593,1178,45-49,M,10,16,16,1177535.0,221,365.6600009,15.0,3.0,0.018768019634235925,1.6545701398190045
